Date,drawdown
2021-07-29,0.0
2021-07-30,-0.018626946524664373
2021-08-02,-0.0029927099602627127
2021-08-03,0.0
2021-08-04,0.0
2021-08-05,-0.011722157648315688
2021-08-06,-0.021209889612052266
2021-08-09,-0.01162134599831251
2021-08-10,-0.011053213975626723
2021-08-11,0.0
2021-08-12,0.0
2021-08-13,-0.0016595814499665977
2021-08-16,-0.010832316625076421
2021-08-17,-0.02736794018144783
2021-08-18,-0.04097395116323293
2021-08-19,-0.04313665678600607
2021-08-20,-0.03263672630003178
2021-08-23,-0.01958900651431733
2021-08-24,0.0
2021-08-25,0.0
2021-08-26,-0.012075855070613093
2021-08-27,-0.0036078325861743413
2021-08-30,0.0
2021-08-31,-0.01012521244141576
2021-09-01,0.0
2021-09-02,0.0
2021-09-03,0.0
2021-09-07,-0.010293057457078095
2021-09-08,-0.025432579194049534
2021-09-09,-0.015232201896407043
2021-09-10,-0.016425115609375904
2021-09-13,-0.019236443006848954
2021-09-14,-0.026355977218153
2021-09-15,-0.015692643856072677
2021-09-16,0.0
2021-09-17,-0.0036492216856917497
2021-09-20,-0.026987285959936172
2021-09-21,-0.01143464274731707
2021-09-22,-0.009741276059324707
2021-09-23,-0.005842543760771112
2021-09-24,-0.014315759843415656
2021-09-27,-0.013855293433464862
2021-09-28,-0.04656557558395647
2021-09-29,-0.05976108412607153
2021-09-30,-0.07090599018985833
2021-10-01,-0.0668137742677223
2021-10-04,-0.0945451516646995
2021-10-05,-0.08274569011143458
2021-10-06,-0.08102685517349009
2021-10-07,-0.061738538795028185
2021-10-08,-0.06950968093679008
2021-10-11,-0.08787162008750378
2021-10-12,-0.08383713790944873
2021-10-13,-0.07269223005247386
2021-10-14,-0.05701864620692889
2021-10-15,-0.05217664579120287
2021-10-18,-0.03858089301887527
2021-10-19,-0.02845647906521933
2021-10-20,-0.03161146397895738
2021-10-21,-0.019817269528758803
2021-10-22,-0.024828419626702868
2021-10-25,-0.00643487566559158
2021-10-26,0.0
2021-10-27,-0.01921055972681615
2021-10-28,0.0
2021-10-29,0.0
2021-11-01,0.0
2021-11-02,0.0
2021-11-03,0.0
2021-11-04,0.0
2021-11-05,-0.0071955133215791745
2021-11-08,0.0
2021-11-09,0.0
2021-11-10,-0.026688435522758
2021-11-11,-0.010107634405087374
2021-11-12,0.0
2021-11-15,-0.011492292440412501
2021-11-16,0.0
2021-11-17,-0.013244244599599768
2021-11-18,-0.009582724703920725
2021-11-19,0.0
2021-11-22,-0.01939532037722618
2021-11-23,-0.02641961922044883
2021-11-24,-0.01176101428089841
2021-11-26,-0.03109585132232731
2021-11-29,-0.02169508884579385
2021-11-30,-0.055897858022110676
2021-12-01,-0.08211418032769294
2021-12-02,-0.0787125127472826
2021-12-03,-0.10413961460751833
2021-12-06,-0.1068207486963934
2021-12-07,-0.0716430616803235
2021-12-08,-0.07475916050643333
2021-12-09,-0.10220738156057473
2021-12-10,-0.1273497793820158
2021-12-13,-0.13661784238486127
2021-12-14,-0.14032770844384806
2021-12-15,-0.1209303014703405
2021-12-16,-0.15355718630284906
2021-12-17,-0.14184689666125144
2021-12-20,-0.15761111977163797
2021-12-21,-0.12489997801828756
2021-12-22,-0.12287583633861747
2021-12-23,-0.1045993959387419
2021-12-27,-0.09832095752588871
2021-12-28,-0.109797856822149
2021-12-29,-0.11686223960749541
2021-12-30,-0.11052331907414614
2021-12-31,-0.11832946160962747
2022-01-03,-0.11147024896406772
2022-01-04,-0.11569294302404769
2022-01-05,-0.15778432359011413
2022-01-06,-0.14692454606417846
2022-01-07,-0.15520117767356031
2022-01-10,-0.15532387294160463
2022-01-11,-0.14154180849287554
2022-01-12,-0.14982760761682012
2022-01-13,-0.17346038363277128
2022-01-14,-0.18084237805960166
2022-01-18,-0.21278326975211892
2022-01-19,-0.22380672131941887
2022-01-20,-0.23746143654843394
2022-01-21,-0.2641203051721107
2022-01-24,-0.242219594335227
2022-01-25,-0.261713124247512
2022-01-26,-0.2628772397909513
2022-01-27,-0.27967767715526776
2022-01-28,-0.25176135550319584
2022-01-31,-0.21349866116261737
2022-02-01,-0.20283126266488158
2022-02-02,-0.21792967231859134
2022-02-03,-0.24603808163490287
2022-02-04,-0.22647473159508072
2022-02-07,-0.2217345036394073
2022-02-08,-0.2014793378383689
2022-02-09,-0.16900117415218585
2022-02-10,-0.18175045560825406
2022-02-11,-0.20391360238911005
2022-02-14,-0.20491848442720018
2022-02-15,-0.17370368204048026
2022-02-16,-0.19198635780916876
2022-02-17,-0.22505916407816065
2022-02-18,-0.24441734071297117
2022-02-22,-0.2616281686558684
2022-02-23,-0.2821502052296277
2022-02-24,-0.2577263100175759
2022-02-25,-0.23816125178664613
2022-02-28,-0.23005733824091879
2022-03-01,-0.251788103649591
2022-03-02,-0.24574861811007992
2022-03-03,-0.2636598500715626
2022-03-04,-0.2807226434913756
2022-03-07,-0.31829296626746445
2022-03-08,-0.30589280031917826
2022-03-09,-0.28127941158579206
2022-03-10,-0.29917650065751944
2022-03-11,-0.31872250946873926
2022-03-14,-0.34273597942677897
2022-03-15,-0.32018555130557097
2022-03-16,-0.2714107805503639
2022-03-17,-0.2547980741957796
2022-03-18,-0.23022597033111342
2022-03-21,-0.2449404944313801
2022-03-22,-0.22024065529426032
2022-03-23,-0.23629943706793385
2022-03-24,-0.21912005908371282
2022-03-25,-0.23552253567798376
2022-03-28,-0.2204743814686776
2022-03-29,-0.19714523759735622
2022-03-30,-0.22638880261168645
2022-03-31,-0.2490235549204818
2022-04-01,-0.254712837577362
2022-04-04,-0.23257685809732598
2022-04-05,-0.2599259073407545
2022-04-06,-0.2845636833197041
2022-04-07,-0.28320695687750364
2022-04-08,-0.2918753365004857
2022-04-11,-0.2955782026275646
2022-04-12,-0.30090585103854195
2022-04-13,-0.2817270077035174
2022-04-14,-0.30498163163762715
2022-04-18,-0.3109164294204325
2022-04-19,-0.28796255463647497
2022-04-20,-0.30312092527881446
2022-04-21,-0.3243827165152962
2022-04-22,-0.35158381801117855
2022-04-25,-0.3418095343526318
2022-04-26,-0.37188948725970145
2022-04-27,-0.3777675059498621
2022-04-28,-0.3559350213768388
2022-04-29,-0.39051069214296386
2022-05-02,-0.36568379667368167
2022-05-03,-0.3629925259439051
2022-05-04,-0.34740877366714595
2022-05-05,-0.3957070316401372
2022-05-06,-0.40939917355691874
2022-05-09,-0.4420929662883708
2022-05-10,-0.4418282020428625
2022-05-11,-0.4745654674493877
2022-05-12,-0.46019190885345845
2022-05-13,-0.4257270044865154
2022-05-16,-0.447868747330645
2022-05-17,-0.4276019272895014
2022-05-18,-0.46474914320449373
2022-05-19,-0.4620617829420057
2022-05-20,-0.46631240943680063
2022-05-23,-0.46516982394731327
2022-05-24,-0.4872376878113107
2022-05-25,-0.4673335483726799
2022-05-26,-0.4377641395324677
2022-05-27,-0.4191271660030159
2022-05-31,-0.42401974847105023
2022-06-01,-0.4368985835073927
2022-06-02,-0.4011853119533096
2022-06-03,-0.41820149878393525
2022-06-06,-0.41313359022971025
2022-06-07,-0.413294831590004
2022-06-08,-0.41532423369786897
2022-06-09,-0.4297942082205735
2022-06-10,-0.45504930697441553
2022-06-13,-0.4847044065197804
2022-06-14,-0.48011480119253136
2022-06-15,-0.46455019066608905
2022-06-16,-0.49376972871219715
2022-06-17,-0.48318581512827363
2022-06-21,-0.47510341793165406
2022-06-22,-0.475107952428066
2022-06-23,-0.46132276070789185
2022-06-24,-0.4370222895854118
2022-06-27,-0.4468651542710061
2022-06-28,-0.46916343927465226
2022-06-29,-0.4773754886829741
2022-06-30,-0.49336768648968576
2022-07-01,-0.48401429077811775
2022-07-05,-0.4587819568575752
2022-07-06,-0.46394549353862374
2022-07-07,-0.4394778489968456
2022-07-08,-0.43987705236593866
2022-07-11,-0.46290882055771637
2022-07-12,-0.46240003939764557
2022-07-13,-0.46911604296531106
2022-07-14,-0.4746108828967373
2022-07-15,-0.4583016739934437
2022-07-18,-0.45491514159452867
2022-07-19,-0.4356644585599662
2022-07-20,-0.42129178872678547
2022-07-21,-0.41334839231429377
2022-07-22,-0.4312690851779084
2022-07-25,-0.43732455050337277
2022-07-26,-0.45606020286502236
2022-07-27,-0.4333124670334757
2022-07-28,-0.4257376191797058
2022-07-29,-0.4195073975064416
2022-08-01,-0.4073111488482618
2022-08-02,-0.4075549615125836
2022-08-03,-0.3846715482508624
2022-08-04,-0.3911293548404
2022-08-05,-0.39545899148523495
2022-08-08,-0.38346119085104363
2022-08-09,-0.4090651716373845
2022-08-10,-0.3793666234829033
2022-08-11,-0.3769059037991183
2022-08-12,-0.36194492114696497
2022-08-15,-0.3669592737283083
2022-08-16,-0.3606550391875281
2022-08-17,-0.38029680744423555
2022-08-18,-0.3803589359384656
2022-08-19,-0.4128886771413326
2022-08-22,-0.43193157334049287
2022-08-23,-0.42976797968544195
2022-08-24,-0.4240082533507868
2022-08-25,-0.41048646568270486
2022-08-26,-0.4370410232813952
2022-08-29,-0.4413871737015518
2022-08-30,-0.44668981344997655
2022-08-31,-0.45407464252183966
2022-09-01,-0.4590475196617074
2022-09-02,-0.46701911228330467
2022-09-06,-0.4687752719834708
2022-09-07,-0.45799470954030025
2022-09-08,-0.4539522557369913
2022-09-09,-0.4357967633364377
2022-09-12,-0.4236413852176868
2022-09-13,-0.45883270115539404
2022-09-14,-0.4547882096768691
2022-09-15,-0.4604639305212558
2022-09-16,-0.4791230478704469
2022-09-19,-0.4728701115568728
2022-09-20,-0.4909597952358797
2022-09-21,-0.49323484079714214
2022-09-22,-0.5115391621404222
2022-09-23,-0.5201809159165145
2022-09-26,-0.5278987405123974
2022-09-27,-0.5210398186530626
2022-09-28,-0.5062251248622972
2022-09-29,-0.5240221186089313
2022-09-30,-0.5344687850325603
2022-10-03,-0.5187918969785469
2022-10-04,-0.4929477102294689
2022-10-05,-0.4920296348612185
2022-10-06,-0.4965010161871114
2022-10-07,-0.5216160938951931
2022-10-10,-0.5257554475702952
2022-10-11,-0.5275556065839931
2022-10-12,-0.5249934143732022
2022-10-13,-0.5231626334312836
2022-10-14,-0.5464905991838809
2022-10-17,-0.5196883633901962
2022-10-18,-0.5129829536068802
2022-10-19,-0.5273325270188832
2022-10-20,-0.5258315160772143
2022-10-21,-0.516552001168602
2022-10-24,-0.5171469892808416
2022-10-25,-0.49847516639093326
2022-10-26,-0.4976876023686225
2022-10-27,-0.49673911867307463
2022-10-28,-0.4871416083971324
2022-10-31,-0.49033279051231726
2022-11-01,-0.4906003110800253
2022-11-02,-0.5081353772861162
2022-11-03,-0.49930040963501
2022-11-04,-0.5021375262164506
2022-11-07,-0.4976154175905945
2022-11-08,-0.4952942106401289
2022-11-09,-0.5138181307477719
2022-11-10,-0.4505703540786337
2022-11-11,-0.42889980318272314
2022-11-14,-0.43111050317005445
2022-11-15,-0.41744350267257374
2022-11-16,-0.4422603657702723
2022-11-17,-0.45485890845323507
2022-11-18,-0.45684395342142303
2022-11-21,-0.4606466520833147
2022-11-22,-0.45343606711286233
2022-11-23,-0.4468410169923679
2022-11-25,-0.4487165705059264
2022-11-28,-0.45969879290214855
2022-11-29,-0.4596068607265703
2022-11-30,-0.42538277525948087
2022-12-01,-0.41563850491982474
2022-12-02,-0.41183026789160054
2022-12-05,-0.4317087153274347
2022-12-06,-0.44636164966692504
2022-12-07,-0.451081953805013
2022-12-08,-0.43884774027560003
2022-12-09,-0.441078225110429
2022-12-12,-0.4309784781988891
2022-12-13,-0.4203716809206286
2022-12-14,-0.4191645700449318
2022-12-15,-0.4450791801492957
2022-12-16,-0.45040755678933136
2022-12-19,-0.45942738100904257
2022-12-20,-0.46409238678478526
2022-12-21,-0.4481508484803174
2022-12-22,-0.4653953710677693
2022-12-23,-0.46493460630311445
2022-12-27,-0.4789457240007068
2022-12-28,-0.4908177989848166
2022-12-29,-0.4714702132242617
2022-12-30,-0.4749375496740723
2023-01-03,-0.4779855497566589
2023-01-04,-0.4595838494320933
2023-01-05,-0.46379238057294814
2023-01-06,-0.4467572551748339
2023-01-09,-0.4363088171588678
2023-01-10,-0.4258531699731762
2023-01-11,-0.4100322768242608
2023-01-12,-0.40404691681581856
2023-01-13,-0.3977982774317969
2023-01-17,-0.39240979020690475
2023-01-18,-0.4000698127732692
2023-01-19,-0.4131540847071389
2023-01-20,-0.38431138416418537
2023-01-23,-0.34671615522612487
2023-01-24,-0.355946453506616
2023-01-25,-0.35242851272018344
2023-01-26,-0.3488649044397398
2023-01-27,-0.32591620661474485
2023-01-30,-0.3466065957740455
2023-01-31,-0.3313686019107906
2023-02-01,-0.3042938699414929
2023-02-02,-0.2804118621094831
2023-02-03,-0.29482822969019873
2023-02-06,-0.3060350818567554
2023-02-07,-0.30272895074705697
2023-02-08,-0.3119132205643113
2023-02-09,-0.3287538764704468
2023-02-10,-0.3476034890869546
2023-02-13,-0.3325762271850192
2023-02-14,-0.3284282675176151
2023-02-15,-0.31576376556697255
2023-02-16,-0.3436545479885414
2023-02-17,-0.34784312670685263
2023-02-21,-0.3697332425700709
2023-02-22,-0.3668286754967269
2023-02-23,-0.37162864672688367
2023-02-24,-0.38071908566108426
2023-02-27,-0.3776538278552733
2023-02-28,-0.37242709587845213
2023-03-01,-0.3691380770453255
2023-03-02,-0.36247268238313535
2023-03-03,-0.3477264670431441
2023-03-06,-0.3500426596757516
2023-03-07,-0.3558648044741377
2023-03-08,-0.3550292010963401
2023-03-09,-0.37290608351480303
2023-03-10,-0.3948803410575147
2023-03-13,-0.39771021592410577
2023-03-14,-0.39394838784737335
2023-03-15,-0.3950515109957164
2023-03-16,-0.3829515944924617
2023-03-17,-0.389664340696424
2023-03-20,-0.3866571799178808
2023-03-21,-0.3678644076144182
2023-03-22,-0.37638786058903656
2023-03-23,-0.3730635403291406
2023-03-24,-0.37608016851502596
2023-03-27,-0.37398085925733826
2023-03-28,-0.37295839137371
2023-03-29,-0.36117268533007113
2023-03-30,-0.3624937932756315
2023-03-31,-0.3480045109484925
2023-04-03,-0.34724321222304383
2023-04-04,-0.3559184379848009
2023-04-05,-0.37293770659852876
2023-04-06,-0.373803631252805
2023-04-10,-0.3624291733375632
2023-04-11,-0.3583903520557645
2023-04-12,-0.3693662826224561
2023-04-13,-0.3591246181224722
2023-04-14,-0.36115890067714823
2023-04-17,-0.3607923840611246
2023-04-18,-0.3594552102955113
2023-04-19,-0.3587547859119682
2023-04-20,-0.36111795707635586
2023-04-21,-0.35812680712488654
2023-04-24,-0.3600359907608293
2023-04-25,-0.3792456724750238
2023-04-26,-0.38200622132506035
2023-04-27,-0.37077347133768074
2023-04-28,-0.35881116902319815
2023-05-01,-0.3645992793746797
2023-05-02,-0.3776111000359428
2023-05-03,-0.38211957313620204
2023-05-04,-0.38267611910592314
2023-05-05,-0.36671856283340726
2023-05-08,-0.3595169235723832
2023-05-09,-0.36822621919262605
2023-05-10,-0.3611962337868219
2023-05-11,-0.360526800587437
2023-05-12,-0.3659823920781426
2023-05-15,-0.3496793715910614
2023-05-16,-0.3608795838283983
2023-05-17,-0.34739725019798495
2023-05-18,-0.3353785274835946
2023-05-19,-0.350423145420213
2023-05-22,-0.3485673771751773
2023-05-23,-0.35278048805175666
2023-05-24,-0.3582735573708444
2023-05-25,-0.3452758712725854
2023-05-26,-0.33117385608779476
2023-05-30,-0.32286757568085683
2023-05-31,-0.33761482030972245
2023-06-01,-0.314888841052692
2023-06-02,-0.3010972189359127
2023-06-05,-0.298524584831329
2023-06-06,-0.2848814366454172
2023-06-07,-0.2921768976301084
2023-06-08,-0.2819281993973479
2023-06-09,-0.2852968209882719
2023-06-12,-0.2762327229051165
2023-06-13,-0.2638761557155548
2023-06-14,-0.2572896338537691
2023-06-15,-0.25070344731604177
2023-06-16,-0.2574846715865544
2023-06-20,-0.26065574024132165
2023-06-21,-0.2678601619290746
2023-06-22,-0.2665370368727576
2023-06-23,-0.2755695714175385
2023-06-26,-0.2769319688657264
2023-06-27,-0.25838218319002115
2023-06-28,-0.25632376689785946
2023-06-29,-0.2596759394921173
2023-06-30,-0.25176074109997365
2023-07-03,-0.24521055440821102
2023-07-05,-0.2575126400646288
2023-07-06,-0.2788520475397903
2023-07-07,-0.26814110633791627
2023-07-10,-0.25152014928475336
2023-07-11,-0.22910896553086876
2023-07-12,-0.22442381222371607
2023-07-13,-0.212172011905675
2023-07-14,-0.22257650256387446
2023-07-17,-0.20933809876335693
2023-07-18,-0.198788442848647
2023-07-19,-0.1937037214321808
2023-07-20,-0.20901955268018316
2023-07-21,-0.20834681230827348
2023-07-24,-0.21162902802334924
2023-07-25,-0.20970354395594804
2023-07-26,-0.2070145996781526
2023-07-27,-0.20839154263737034
2023-07-28,-0.18450127022797477
2023-07-31,-0.1725368668841361
2023-08-01,-0.18229864055763148
2023-08-02,-0.20404609799683993
2023-08-03,-0.2016218421577111
2023-08-04,-0.20502230314107384
2023-08-07,-0.1991357067443245
2023-08-08,-0.20875420108673567
2023-08-09,-0.22541059922380932
2023-08-10,-0.23141875854476618
2023-08-11,-0.23503773434267353
2023-08-14,-0.22260308177510096
2023-08-15,-0.23735516612209046
2023-08-16,-0.249248446809619
2023-08-17,-0.26124704921310304
2023-08-18,-0.26388250800683927
2023-08-21,-0.2532794482535195
2023-08-22,-0.26555722915952845
2023-08-23,-0.2522480536599916
2023-08-24,-0.26645218090659795
2023-08-25,-0.26494276122630445
2023-08-28,-0.2629528833952333
2023-08-29,-0.23997799585337154
2023-08-30,-0.23047248192701186
2023-08-31,-0.23523792723452372
2023-09-01,-0.22822382230611463
2023-09-05,-0.23210798785400663
2023-09-06,-0.23814065038113108
2023-09-07,-0.24999562763394345
2023-09-08,-0.25572929064277444
2023-09-11,-0.2525467404553694
2023-09-12,-0.2564320459834052
2023-09-13,-0.2543237430810486
2023-09-14,-0.24866890000676506
2023-09-15,-0.2604184657404986
2023-09-18,-0.27236160738235526
2023-09-19,-0.27349603014220875
2023-09-20,-0.283842955941938
2023-09-21,-0.2986272876132522
2023-09-22,-0.29760394922595756
2023-09-25,-0.2923537507861661
2023-09-26,-0.30562008611925007
2023-09-27,-0.2994052130334384
2023-09-28,-0.2908297888657393
2023-09-29,-0.2835952655076073
2023-10-02,-0.2810025928018521
2023-10-03,-0.3035977330568804
2023-10-04,-0.29402392226190704
2023-10-05,-0.2969999459689324
2023-10-06,-0.2866134320108453
2023-10-09,-0.2867028588708795
2023-10-10,-0.2787156593378414
2023-10-11,-0.27597413816814526
2023-10-12,-0.2887442189011888
2023-10-13,-0.3089724610998021
2023-10-16,-0.29564976599780496
2023-10-17,-0.2911732270675547
2023-10-18,-0.3151460281199265
2023-10-19,-0.33114421235222097
2023-10-20,-0.3348475172764269
2023-10-23,-0.3369349469358923
2023-10-24,-0.3282852474613256
2023-10-25,-0.3494625838900484
2023-10-26,-0.357475278893566
2023-10-27,-0.3564565119264618
2023-10-30,-0.347041275872521
2023-10-31,-0.3402183698737771
2023-11-01,-0.33281169303039637
2023-11-02,-0.31724962615307384
2023-11-03,-0.29620515112212176
2023-11-06,-0.3051320669414255
2023-11-07,-0.29640402266907107
2023-11-08,-0.2925583839308472
2023-11-09,-0.29795452114498544
2023-11-10,-0.2845480619992592
2023-11-13,-0.2904470383448261
2023-11-14,-0.25607908957397824
2023-11-15,-0.2479402592071659
2023-11-16,-0.2563324851830882
2023-11-17,-0.24774568795893173
2023-11-20,-0.23647728967401052
2023-11-21,-0.24523814587354684
2023-11-22,-0.24400065174355165
2023-11-27,-0.24536691531017335
2023-11-28,-0.24020447493305297
2023-11-29,-0.23876480813819834
2023-11-30,-0.2486242844349478
2023-12-01,-0.22663496134600675
2023-12-04,-0.2272742139244368
2023-12-05,-0.2359372217377391
2023-12-06,-0.24248717528787775
2023-12-07,-0.2341719513351653
2023-12-08,-0.2233385891662251
2023-12-11,-0.20992874616206242
2023-12-12,-0.2080668242958419
2023-12-13,-0.18972394329346515
2023-12-14,-0.16399218202541183
2023-12-15,-0.1623055472147104
2023-12-18,-0.15536377471928117
2023-12-19,-0.13674544534996577
2023-12-20,-0.16224628765716867
2023-12-21,-0.13921381923741483
2023-12-22,-0.1426388516655309
2023-12-26,-0.14542423491921416
2023-12-27,-0.14467970336504032
2023-12-28,-0.14862303474213212
2023-12-29,-0.16223344878927864
2024-01-02,-0.17999549230729822
2024-01-03,-0.20403463756636508
2024-01-04,-0.20620364262916677
2024-01-05,-0.2065326904372811
2024-01-08,-0.18807481180052382
2024-01-09,-0.1924041965786584
2024-01-10,-0.19230830286290254
2024-01-11,-0.19553512600405235
2024-01-12,-0.2104062275522558
2024-01-16,-0.21262278575090557
2024-01-17,-0.2196157327505147
2024-01-18,-0.21530870640273123
2024-01-19,-0.2019510579363176
2024-01-22,-0.18779852231395908
2024-01-23,-0.18873029735630106
2024-01-24,-0.19381633495631173
2024-01-25,-0.18528929054390272
2024-01-26,-0.18458679950672624
2024-01-29,-0.18077054225633898
2024-01-30,-0.19787119712709333
2024-01-31,-0.21718232699573312
2024-02-01,-0.20537518359295387
2024-02-02,-0.19790829282420178
2024-02-05,-0.20737391538328326
2024-02-06,-0.2018066711167461
2024-02-07,-0.19825967746426026
2024-02-08,-0.19072172640523655
2024-02-09,-0.1748308888159338
2024-02-12,-0.16724469663221816
2024-02-13,-0.19540925543278545
2024-02-14,-0.18156119626097003
2024-02-15,-0.17904698370603184
2024-02-16,-0.18850447965011302
2024-02-20,-0.2016460103522114
2024-02-21,-0.21089458522099502
2024-02-22,-0.18596181835769585
2024-02-23,-0.18275057155838983
2024-02-26,-0.17758675168069438
2024-02-27,-0.16206366221345941
2024-02-28,-0.15461641677129448
2024-02-29,-0.12965166645463064
2024-03-01,-0.11879351686158005
2024-03-04,-0.1210938679533692
2024-03-05,-0.13699299797550718
2024-03-06,-0.13410946392582743
2024-03-07,-0.12837865162503273
2024-03-08,-0.12611760433202912
2024-03-11,-0.1268494803264208
2024-03-12,-0.1153887208798574
2024-03-13,-0.11211322159759986
2024-03-14,-0.1269193172855305
2024-03-15,-0.13400824122929503
2024-03-18,-0.13627474013902616
2024-03-19,-0.13151584286256815
2024-03-20,-0.10743486041329207
2024-03-21,-0.09453520667838576
2024-03-22,-0.09366566978010062
2024-03-25,-0.09880658268576545
2024-03-26,-0.0974405239462012
2024-03-27,-0.0829364095691253
2024-03-28,-0.07781898263664795
2024-04-01,-0.08307717311345764
2024-04-02,-0.10057080890177643
2024-04-03,-0.09643654552329997
2024-04-04,-0.10283138898348029
2024-04-05,-0.09268620914981644
2024-04-08,-0.08681626974207429
2024-04-09,-0.07551285265404598
2024-04-10,-0.09955109472142912
2024-04-11,-0.08431766254438222
2024-04-12,-0.10684860528726682
2024-04-15,-0.12846317563742807
2024-04-16,-0.1277878071088066
2024-04-17,-0.14108430639135247
2024-04-18,-0.14313117832563632
2024-04-19,-0.15546272963807295
2024-04-22,-0.14600904698817221
2024-04-23,-0.12443666716956744
2024-04-24,-0.14236330711685866
2024-04-25,-0.14071925303330846
2024-04-26,-0.1241219661611808
2024-04-29,-0.12092358720024933
2024-04-30,-0.14323591301552782
2024-05-01,-0.1537658467527655
2024-05-02,-0.1366241247215726
2024-05-03,-0.11736500145704735
2024-05-06,-0.09097937034865472
2024-05-07,-0.08884566140068342
2024-05-08,-0.09250810237600206
2024-05-09,-0.0891129139601296
2024-05-10,-0.09919078616739156
2024-05-13,-0.09816695094432967
2024-05-14,-0.08841876650989117
2024-05-15,-0.08044644350099456
2024-05-16,-0.08952402146424432
2024-05-17,-0.10068683820004151
2024-05-20,-0.09557609923678043
2024-05-21,-0.10215014346055183
2024-05-22,-0.11686345000685136
2024-05-23,-0.12083407037189256
2024-05-24,-0.11750577179634539
2024-05-28,-0.10625256212641306
2024-05-29,-0.09787913908287389
2024-05-30,-0.10311122813127428
2024-05-31,-0.0985149723467127
2024-06-03,-0.09032749022369835
2024-06-04,-0.10268255730101848
2024-06-05,-0.08307657974773279
2024-06-06,-0.07996341384366647
2024-06-07,-0.09474201323749906
2024-06-10,-0.08444299582750664
2024-06-11,-0.08776428108258398
2024-06-12,-0.07525252991684236
2024-06-13,-0.08142457839605088
2024-06-14,-0.09404788615269064
2024-06-17,-0.08047699194966473
2024-06-18,-0.07603022913924556
2024-06-20,-0.08762198907147573
2024-06-21,-0.09325358457546683
2024-06-24,-0.09420725201867355
2024-06-25,-0.08805009194612147
2024-06-26,-0.08369359539955998
2024-06-27,-0.08315509871219216
2024-06-28,-0.07746149819996521
2024-07-01,-0.09344670262613852
2024-07-02,-0.08961950409505148
2024-07-03,-0.08333877387588487
2024-07-05,-0.09024386683097138
2024-07-08,-0.08555530425617923
2024-07-09,-0.08515027876603737
2024-07-10,-0.07572389153932021
2024-07-11,-0.060168129272677125
2024-07-12,-0.05322543335777348
2024-07-15,-0.05187097489688382
2024-07-16,-0.02613006118255463
2024-07-17,-0.05535300365012524
2024-07-18,-0.07128723980072903
2024-07-19,-0.08308568527342662
2024-07-22,-0.07361066503778467
2024-07-23,-0.06982069054749006
2024-07-24,-0.10714580369703933
2024-07-25,-0.09386579616321356
2024-07-26,-0.05158611168685903
2024-07-29,-0.060881289110701176
2024-07-30,-0.06869715368658523
2024-07-31,-0.044899993722624494
2024-08-01,-0.08978982319879421
2024-08-02,-0.12065062929906396
2024-08-05,-0.15541903596300755
2024-08-06,-0.15618102921138352
2024-08-07,-0.15318593766687802
2024-08-08,-0.12616338830115673
2024-08-09,-0.12636339978933794
2024-08-12,-0.1332628251936046
2024-08-13,-0.10195856972513948
2024-08-14,-0.10275080078943044
2024-08-15,-0.0606105570309473
2024-08-16,-0.0559610809232469
2024-08-19,-0.04467310293831665
2024-08-20,-0.05892045351903638
2024-08-21,-0.048992741962255795
2024-08-22,-0.06626836467204575
2024-08-23,-0.039820632592237004
2024-08-26,-0.052575149711395874
2024-08-27,-0.05934001565976509
2024-08-28,-0.06326822295141492
2024-08-29,-0.06640498665074104
2024-08-30,-0.05808652041346674
2024-09-03,-0.09510425670896995
2024-09-04,-0.0948856027404385
2024-09-05,-0.09944430993432654
2024-09-06,-0.12002221493427272
2024-09-09,-0.10628090046460616
2024-09-10,-0.096666004971525
2024-09-11,-0.07076307990216082
2024-09-12,-0.061632316355555
2024-09-13,-0.03560038480554305
2024-09-16,-0.04223520639342528
2024-09-17,-0.03111356486387875
2024-09-18,-0.03213900282720917
2024-09-19,-0.0005818442812187335
2024-09-20,-0.015590088257989328
2024-09-23,-0.01224798126161074
2024-09-24,-0.0013238726313354325
2024-09-25,-0.003216076082791877
2024-09-26,0.0
2024-09-27,0.0
2024-09-30,-0.007409374887803762
2024-10-01,-0.03530771264076253
2024-10-02,-0.0329786460870442
2024-10-03,-0.034374405409373525
2024-10-04,-0.0197029576698761
2024-10-07,-0.027965858529749605
2024-10-08,-0.01230027595524237
2024-10-09,-0.008262596209527198
2024-10-10,0.0
2024-10-11,0.0
2024-10-14,0.0
2024-10-15,-0.010739522424383174
2024-10-16,0.0
2024-10-17,-0.00047533694757992563
2024-10-18,0.0
2024-10-21,-0.014561858445006012
2024-10-22,-0.026997990223111824
2024-10-23,-0.03810039176217107
2024-10-24,-0.039124676666580094
2024-10-25,-0.04567953540323924
2024-10-28,-0.04115165775410067
2024-10-29,-0.04284000126963496
2024-10-30,-0.04665175372587839
2024-10-31,-0.059050230296570395
2024-11-01,-0.06346360599729198
2024-11-04,-0.05444824527580223
2024-11-05,-0.03331191112096591
2024-11-06,0.0
2024-11-07,0.0
2024-11-08,-0.0049855125686016554
2024-11-11,0.0
2024-11-12,-0.0013035184450761552
2024-11-13,-0.008310039981415046
2024-11-14,-0.0156757557972941
2024-11-15,-0.03397529374019147
2024-11-18,-0.028009027160971752
2024-11-19,-0.017417187494953187
2024-11-20,-0.007295976311698101
2024-11-21,0.0
2024-11-22,0.0
2024-11-25,0.0
2024-11-26,-0.009981893905635303
2024-11-27,-0.01954309546073413
2024-11-29,-0.016034462467188062
2024-12-02,-0.008683046500847506
2024-12-03,-0.006988513367826644
2024-12-04,-0.009628680757488123
2024-12-05,-0.021423965436361533
2024-12-06,-0.00961744008606638
2024-12-09,-0.009870417916455876
2024-12-10,-0.01965216894828504
2024-12-11,-0.005924813150042505
2024-12-12,-0.019349577959267138
2024-12-13,-0.00988386024236436
2024-12-16,0.0
2024-12-17,-0.007614318062841464
2024-12-18,-0.05737177371963942
2024-12-19,-0.07597854916654322
2024-12-20,-0.06124059465856674
2024-12-23,-0.05760296248677406
2024-12-24,-0.05305788251092652
2024-12-26,-0.053231347029155315
2024-12-27,-0.06303697521562196
2024-12-30,-0.06343552652850998
2024-12-31,-0.06975548230093033
2025-01-02,-0.06259993876975475
2025-01-03,-0.04545000007462598
2025-01-06,-0.023510690186254294
2025-01-07,-0.04352781777332708
2025-01-08,-0.047841912447637996
2025-01-13,-0.05036279937399636
2025-01-14,-0.04936965524051939
2025-01-15,-0.024882711423663696
2025-01-16,-0.02180805379189752
2025-01-17,-0.008434911139010504
2025-01-21,0.0
2025-01-22,-0.00010307445999405886
2025-01-23,0.0
2025-01-24,-0.0011759950719709726
2025-01-27,-0.025173896570226683
2025-01-28,-0.009445725169028524
2025-01-29,-0.01469976254958474
2025-01-30,-0.004650158039756871
2025-01-31,-0.021790316501927046
2025-02-03,-0.04089876613302381
2025-02-04,-0.0258681070328978
2025-02-05,-0.017886547815869007
2025-02-06,-0.014617732358642124
2025-02-07,-0.03269684538653589
2025-02-10,-0.02116597270385413
2025-02-11,-0.025802119212123387
2025-02-12,-0.022690893754526868
2025-02-13,-0.017326634404973246
2025-02-14,0.0
2025-02-18,0.0
2025-02-19,-0.021817459362064202
2025-02-20,-0.034270086587026176
2025-02-21,-0.07226443526289354
2025-02-24,-0.07887790013160123
2025-02-25,-0.0782690853397104
2025-02-26,-0.07359803561367882
2025-02-27,-0.10313859092251972
2025-02-28,-0.10227712624317613
2025-03-03,-0.14392631347330093
2025-03-04,-0.16151482484768512
2025-03-05,-0.1456960603318651
2025-03-06,-0.17664685767928587
2025-03-07,-0.16064030988371888
2025-03-10,-0.185638510156942
2025-03-11,-0.18383605911187675
2025-03-12,-0.17157315855966643
2025-03-13,-0.19478663496412363
2025-03-14,-0.1687084118537341
2025-03-17,-0.1597614642637844
2025-03-18,-0.1770153229711642
2025-03-19,-0.16239232968851802
2025-03-20,-0.1631074179425945
2025-03-21,-0.16207274203733202
2025-03-24,-0.12989222973516096
2025-03-25,-0.12919545969083637
2025-03-26,-0.14847811105139652
2025-03-27,-0.15941537345098727
2025-03-28,-0.18197902780247846
2025-03-31,-0.1905850488774495
2025-04-01,-0.1783370583401941
2025-04-02,-0.16284628219923813
2025-04-03,-0.2510125728697554
2025-04-04,-0.28916062209039084
2025-04-07,-0.27795270566795055
2025-04-08,-0.3043934290071163
2025-04-09,-0.20580457613620504
2025-04-10,-0.2523949030506517
2025-04-11,-0.2372492225641046
2025-04-14,-0.23094487367942712
2025-04-15,-0.23408393977060496
2025-04-16,-0.25409731250905754
2025-04-17,-0.24459707405870257
2025-04-21,-0.26434599386148705
2025-04-22,-0.23587018714515345
2025-04-23,-0.2148049634741902
2025-04-24,-0.18974922956766485
2025-04-25,-0.17894058407281144
2025-04-28,-0.17682969465850684
2025-04-29,-0.17669099433819727
2025-04-30,-0.18205990529780774
2025-05-01,-0.17660018173948688
2025-05-02,-0.14163653377570087
2025-05-05,-0.14965216610749382
2025-05-06,-0.15249333892756467
2025-05-07,-0.14908777062926765
2025-05-08,-0.1232972219822881
2025-05-09,-0.12248460527821778
2025-05-12,-0.07006168119098319
2025-05-13,-0.055508823595194906
2025-05-14,-0.05066938995455768
2025-05-15,-0.044090539246739044
2025-05-16,-0.03488661435995783
2025-05-19,-0.03961128909370237
2025-05-20,-0.0444639307321436
2025-05-21,-0.06805298010558736
2025-05-22,-0.06557921655265216
2025-05-23,-0.07346015059459997
2025-05-27,-0.03637645408296763
2025-05-28,-0.034441712110507026
2025-05-29,-0.02425794606761278
2025-05-30,-0.0279834860495739
2025-06-02,-0.014352227351192941
2025-06-03,0.0
2025-06-04,0.0
2025-06-05,0.0
2025-06-06,0.0
2025-06-09,0.0
2025-06-10,-0.0004771103776162815
2025-06-11,-0.013431182643508524
2025-06-12,-0.014148617535949884
2025-06-13,-0.0317868511331844
2025-06-16,-0.019757286906629385
2025-06-17,-0.023161946328930136
2025-06-18,-0.01589415786951973
2025-06-20,-0.0030676239136278463
2025-06-23,-0.00038366065897244174
2025-06-24,0.0
2025-06-25,-0.005002087979593906
2025-06-26,-0.0012626138683433606
2025-06-27,0.0
2025-06-30,-0.004389724113689244
2025-07-01,-0.0022244777144419625
2025-07-02,0.0
2025-07-03,0.0
2025-07-08,0.0
2025-07-09,0.0
2025-07-10,0.0
2025-07-11,-0.00830920284084424
2025-07-14,-0.010802998541208027
2025-07-15,-0.015924305069043767
2025-07-16,-0.015713482400306927
2025-07-17,-0.012175227857786158
2025-07-18,-0.00888768438394017
2025-07-21,-0.01273706377983005
2025-07-22,-0.0017976991609883193
2025-07-23,0.0
2025-07-24,0.0
2025-07-25,0.0
2025-07-28,0.0
2025-07-29,-0.01265180940579421
2025-07-30,-0.012317907513452261
2025-07-31,-0.01728503745958563
2025-08-01,-0.04001669593830017
2025-08-04,-0.013546977392902497
2025-08-05,-0.018671499408488036
2025-08-06,-0.006252860002333589
2025-08-07,0.0
2025-08-08,0.0
2025-08-11,-0.008420411371065967
2025-08-12,0.0
2025-08-13,0.0
2025-08-14,-0.003965490435700887
2025-08-15,-0.014839199916592346
2025-08-18,-0.0022168473392386503
2025-08-19,-0.015756011561586025
2025-08-20,-0.023105403209625657
2025-08-21,-0.031989670749549545
2025-08-22,-0.014273184761902154
2025-08-25,-0.03412920112725601
2025-08-26,-0.032215167991163016
2025-08-27,-0.026161213143793546
2025-08-28,-0.01927293049760162
2025-08-29,-0.03639299960886526
2025-09-02,-0.05011484394685226
2025-09-03,-0.0413459621216327
2025-09-04,-0.02997832380947726
2025-09-05,-0.006949422706544316
2025-09-08,-0.004664932300259877
2025-09-09,-0.003980164156269165
2025-09-10,-0.004885208545557509
2025-09-11,0.0
2025-09-12,-0.008787158840974987
2025-09-15,-0.005039586186427468
2025-09-16,-0.002228575209214756
2025-09-17,-0.0057998546666356504
2025-09-18,0.0
2025-09-19,-0.003953271880051787
2025-09-22,-0.005170097376971472
2025-09-23,-0.008149145920333837
2025-09-24,-0.012545028520197158
2025-09-25,-0.008236699865913844
2025-09-26,0.0
2025-09-29,0.0
2025-09-30,-0.007678105810864601
2025-10-01,-0.008792823822949325
2025-10-02,0.0
2025-10-03,0.0
2025-10-06,-0.002830748866606317
2025-10-07,-0.015765130913038636
2025-10-08,0.0
2025-10-09,-0.007456926050548761
2025-10-10,-0.049191708158697556
2025-10-13,-0.02372684581023595
2025-10-14,-0.01776506567408164
2025-10-15,-0.009842158447671917
2025-10-16,0.0
2025-10-17,-0.0043160867276178065
2025-10-20,0.0
2025-10-21,-0.0019537736310585485
2025-10-22,-0.012401093865365788
2025-10-23,-0.0008333456701832579
2025-10-24,0.0
2025-10-27,0.0
2025-10-28,0.0
2025-10-29,-0.014363701401184458
2025-10-30,-0.026538046279285767
2025-10-31,-0.022193752967293614
2025-11-03,-0.026231421673413274
2025-11-04,-0.047935906404782035
2025-11-05,-0.03597793801563604
2025-11-06,-0.06983697322938091
2025-11-07,-0.05392893871674075
2025-11-10,-0.034412905034701596
2025-11-11,-0.034650823018348466
2025-11-12,-0.03412368449630064
2025-11-13,-0.061173082314352784
2025-11-14,-0.065229753616245
2025-11-17,-0.08314999946719791
2025-11-18,-0.09315227591972228
2025-11-19,-0.08895306543622038
2025-11-20,-0.11191784537382257
2025-11-21,-0.08955041865495644
2025-11-24,-0.07871993087242905
2025-11-25,-0.058841155302525726
2025-11-26,-0.043007820560940595
2025-11-28,-0.04081359186018296
2025-12-01,-0.040163429743611874
2025-12-02,-0.04568164957726005
2025-12-03,-0.044836218644453876
2025-12-04,-0.0491776771496277
2025-12-05,-0.038199845475240385
2025-12-08,-0.02719816517556417
2025-12-09,-0.017760919421625845
2025-12-10,-0.011864841662476805
2025-12-11,-0.00882083972989677
2025-12-12,-0.029778922048705296
2025-12-15,-0.04094107591918406
2025-12-16,-0.03754225887032961
2025-12-17,-0.050835208412149564
2025-12-18,-0.03830845824062969
2025-12-19,-0.0221430794002726
2025-12-22,-0.00872404572011063
2025-12-23,-0.011366655854014173
2025-12-24,-0.004929393666376075
2025-12-26,-0.0014771736845941015
2025-12-29,0.0
2025-12-30,-0.008615835307747203
2025-12-31,-0.016296648404520907
2026-01-02,0.0
2026-01-05,0.0
2026-01-06,0.0
2026-01-07,-0.005319669209782085
2026-01-08,-0.008713529119498591
2026-01-09,0.0
2026-01-12,-0.0011070744730173018
2026-01-13,-0.0026987297411861255
2026-01-14,-0.021293632514111285
2026-01-15,-0.0073460116299394395
2026-01-16,-0.010266530597721375
2026-01-20,-0.04135416816292901
2026-01-21,-0.02147476761302932
2026-01-22,-0.015354635130879644
2026-01-23,-0.02392526109937847
2026-01-26,-0.02583672292515957
2026-01-27,-0.022572206216995204
2026-01-28,-0.0248234864231373
2026-01-29,-0.029845331701707795
2026-01-30,-0.047428414327623986
2026-02-02,-0.03846286180594581
2026-02-03,-0.05660433545686552
2026-02-04,-0.07775725412386617
2026-02-05,-0.08918165086745902
2026-02-06,-0.053002081153653874
2026-02-09,-0.05597182569559723
2026-02-10,-0.06687132945062964
2026-02-11,-0.07084633619458919
2026-02-12,-0.08946860344051354
2026-02-13,-0.08716876302569912
2026-02-17,-0.08488637775844185
2026-02-18,-0.07038985029138624
2026-02-19,-0.07250696597023804
2026-02-20,-0.05586955687145105
2026-02-23,-0.08628215967138847
2026-02-24,-0.0712309675336948
2026-02-25,-0.06302474915863061
2026-02-26,-0.052554485200910654
2026-02-27,-0.07901155976124015
2026-03-02,-0.08292167113371753
2026-03-03,-0.09567496444236186
2026-03-04,-0.08647294109323901
2026-03-05,-0.08786619534158581
2026-03-06,-0.11014647530241144
2026-03-09,-0.10540787451696981
2026-03-10,-0.11125627983960573
2026-03-11,-0.10503938202775229
2026-03-12,-0.13370037231497678
2026-03-13,-0.12729515915555206
2026-03-16,-0.11464458805528749
2026-03-17,-0.10443066600850624
2026-03-18,-0.11940727072889444
2026-03-19,-0.12505239656182945
2026-03-20,-0.14798318330435248
2026-03-23,-0.13525848633166856
2026-03-24,-0.1444222624849107
2026-03-25,-0.12824546576161866
2026-03-26,-0.1496985006106099
2026-03-27,-0.17066732017941408
2026-03-30,-0.18393955602845785
2026-03-31,-0.14494429324813082
2026-04-01,-0.13486909284580373
2026-04-02,-0.13635739565074323
2026-04-06,-0.1253446594323509
2026-04-07,-0.12815801531433033
2026-04-08,-0.09884415678206922
2026-04-09,-0.0944692294914295
2026-04-10,-0.10138689189200109
2026-04-13,-0.08453679300080595
2026-04-14,-0.06710571013524384
2026-04-15,-0.052259500813387004
2026-04-16,-0.03891816203743902
2026-04-17,-0.021626306451059712
2026-04-20,-0.012687560204772538
2026-04-21,-0.023376237323024577
2026-04-22,-0.015624532883345829
2026-04-23,-0.03533991871162828
2026-04-24,-0.032794456009935566
2026-04-27,-0.02255607502080536
2026-04-28,-0.023732886130707318
2026-04-29,-0.02639385527363784
2026-04-30,-0.037400418368395597
2026-05-01,-0.03437418698860459
2026-05-04,-0.06469016192428316
2026-05-05,-0.0510611426336939
2026-05-06,-0.037967599704598766
2026-05-07,-0.033195480991389775
2026-05-08,-0.024411375809158923
2026-05-11,-0.04209196689310855
2026-05-12,-0.048470287950705494
2026-05-13,-0.057982637593619414
2026-05-14,-0.0444942400296436
2026-05-15,-0.06409950102117554
2026-05-18,-0.0647164929948202
2026-05-19,-0.08163908414457946
2026-05-20,-0.05217563864555294
2026-05-21,-0.05075724962012035
2026-05-22,-0.043944285955981516
2026-05-26,-0.012482722517760527
2026-05-27,0.0
2026-05-28,0.0
2026-05-29,0.0
