Date,portfolio_value
2021-07-29,9946.539410955003
2021-07-30,9761.265753241678
2021-08-02,9916.772303389693
2021-08-03,10096.968230814755
2021-08-04,10355.180033026476
2021-08-05,10233.794980202649
2021-08-06,10135.547807613057
2021-08-09,10234.838902987858
2021-08-10,10240.722012365297
2021-08-11,10420.71464009391
2021-08-12,10544.651358124249
2021-08-13,10527.15165033394
2021-08-16,10430.428355912005
2021-08-17,10256.065970520882
2021-08-18,10112.595328343148
2021-08-19,10089.79035156075
2021-08-20,10200.50845781989
2021-08-23,10338.092113978748
2021-08-24,10544.695618261427
2021-08-25,10633.756170756515
2021-08-26,10505.344472382221
2021-08-27,10595.391358730227
2021-08-30,10678.089249244898
2021-08-31,10569.971327127896
2021-09-01,10683.890355487436
2021-09-02,10731.032103040692
2021-09-03,10807.710523364445
2021-09-07,10696.466137967987
2021-09-08,10532.842569572616
2021-09-09,10643.085294634635
2021-09-10,10630.192628545516
2021-09-13,10599.808615847223
2021-09-14,10522.86275103026
2021-09-15,10638.108971221758
2021-09-16,10852.555292424402
2021-09-17,10812.951912306118
2021-09-20,10559.674279351726
2021-09-21,10728.460199760024
2021-09-22,10746.83755537181
2021-09-23,10789.148763212224
2021-09-24,10697.192717170665
2021-09-27,10702.18995434496
2021-09-28,10347.199808675947
2021-09-29,10203.994822610985
2021-09-30,10083.044113324862
2021-10-01,10127.455112888383
2021-10-04,9826.4988063526
2021-10-05,9954.553115280243
2021-10-06,9973.206866482837
2021-10-07,10182.53438647787
2021-10-08,10098.19763669911
2021-10-11,9898.923676789856
2021-10-12,9942.7081177035
2021-10-13,10063.658846450295
2021-10-14,10233.757281764521
2021-10-15,10286.30535900213
2021-10-18,10433.854017705948
2021-10-19,10543.729779941392
2021-10-20,10509.490131718285
2021-10-21,10637.48727911867
2021-10-22,10583.103495602094
2021-10-25,10782.720448463693
2021-10-26,10879.345410174983
2021-10-27,10670.347095384153
2021-10-28,11003.725269257964
2021-10-29,11060.615999554682
2021-11-01,11156.46232167095
2021-11-02,11179.16570824335
2021-11-03,11259.74895566936
2021-11-04,11432.496598980984
2021-11-05,11350.233917404108
2021-11-08,11461.112398106297
2021-11-09,11533.837235876583
2021-11-10,11226.017164476905
2021-11-11,11417.257425808559
2021-11-12,11726.26364340217
2021-11-15,11591.501992378815
2021-11-16,11799.525950490686
2021-11-17,11643.250142643063
2021-11-18,11686.454341670365
2021-11-19,11802.619061961812
2021-11-22,11573.703483964706
2021-11-23,11490.79836054077
2021-11-24,11663.808290622075
2021-11-26,11435.606574396981
2021-11-29,11546.56019279949
2021-11-30,11142.877937347213
2021-12-01,10833.456671968814
2021-12-02,10873.605258595822
2021-12-03,10573.49886148976
2021-12-06,10541.854457184727
2021-12-07,10957.04329651632
2021-12-08,10920.26516911232
2021-12-09,10596.304272081768
2021-12-10,10299.558128291
2021-12-13,10190.170711226154
2021-12-14,10146.384575361031
2021-12-15,10375.324780659183
2021-12-16,9990.242087802584
2021-12-17,10128.454175547598
2021-12-20,9942.395055367931
2021-12-21,10328.47220056456
2021-12-22,10352.362373737145
2021-12-23,10568.072237585526
2021-12-27,10642.17425447642
2021-12-28,10506.716784070162
2021-12-29,10423.338565146838
2021-12-30,10498.154429466007
2021-12-31,10406.021502776344
2022-01-03,10486.978176696877
2022-01-04,10437.139327291725
2022-01-05,9940.35079667838
2022-01-06,10068.524613914653
2022-01-07,9970.838683912927
2022-01-10,9969.390558403495
2022-01-11,10132.05501497925
2022-01-12,10034.260884295396
2022-01-13,9755.332231602457
2022-01-14,9668.205363465053
2022-01-18,9291.219186318891
2022-01-19,9161.113586722064
2022-01-20,8999.95218447443
2022-01-21,8685.307713486287
2022-01-24,8943.793460680205
2022-01-25,8713.718752952547
2022-01-26,8699.979140649224
2022-01-27,8501.689978363847
2022-01-28,8831.175688434449
2022-01-31,9282.775694020578
2022-02-01,9408.678934871497
2022-02-02,9230.478157287314
2022-02-03,8898.72530968919
2022-02-04,9129.624077785027
2022-02-07,9185.571182612703
2022-02-08,9424.635188599235
2022-02-09,9807.962582419295
2022-02-10,9657.487670079588
2022-02-11,9395.9044914108
2022-02-14,9384.044251513014
2022-02-15,9752.460673177886
2022-02-16,9536.677215646696
2022-02-17,9146.331481943722
2022-02-18,8917.854297388883
2022-02-22,8714.7214514379
2022-02-23,8472.50767138217
2022-02-24,8760.773602579291
2022-02-25,8991.692531804056
2022-02-28,9087.339936295348
2022-03-01,8830.859990251933
2022-03-02,8902.141737405009
2022-03-03,8690.742289633194
2022-03-04,8489.356638766192
2022-03-07,8045.928431005068
2022-03-08,8192.2828659978
2022-03-09,8482.78531704194
2022-03-10,8271.552792410343
2022-03-11,8040.858696229766
2022-03-14,7757.436857959159
2022-03-15,8023.5909707579285
2022-03-16,8599.261009816153
2022-03-17,8795.334454507543
2022-03-18,9085.349635973158
2022-03-21,8911.679713339654
2022-03-22,9203.202505566815
2022-03-23,9013.66682169297
2022-03-24,9216.428475762184
2022-03-25,9022.83629284726
2022-03-28,9200.443924565358
2022-03-29,9475.788922720265
2022-03-30,9130.638264842411
2022-03-31,8863.48890577984
2022-04-01,8796.340469844856
2022-04-04,9057.603003211125
2022-04-05,8734.812593284103
2022-04-06,8444.022308870608
2022-04-07,8460.03523423919
2022-04-08,8357.725651664661
2022-04-11,8314.022133329307
2022-04-12,8251.141928638475
2022-04-13,8477.502510570816
2022-04-14,8203.037042847338
2022-04-18,8132.990885407111
2022-04-19,8403.906725478133
2022-04-20,8224.998251186575
2022-04-21,7974.053428647422
2022-04-22,7653.009189625764
2022-04-25,7768.371336251149
2022-04-26,7413.349110687255
2022-04-27,7343.973095248198
2022-04-28,7601.653593839749
2022-04-29,7193.570122975366
2022-05-02,7486.592512690449
2022-05-03,7518.35655590661
2022-05-04,7702.285647585179
2022-05-05,7132.239707373603
2022-05-06,6970.636572187511
2022-05-09,6584.764190887446
2022-05-10,6587.889102418409
2022-05-11,6201.503629694851
2022-05-12,6371.149266367391
2022-05-13,6777.925403617363
2022-05-16,6516.594847460183
2022-05-17,6755.796404003134
2022-05-18,6317.361965346035
2022-05-19,6349.079854806434
2022-05-20,6298.911329513688
2022-05-23,6312.396830791832
2022-05-24,6051.9382400938375
2022-05-25,6286.859215644168
2022-05-26,6635.855684072599
2022-05-27,6855.820783108584
2022-05-31,6798.075496009142
2022-06-01,6646.071512113344
2022-06-02,7067.581651722584
2022-06-03,6866.746080673538
2022-06-06,6926.560674779914
2022-06-07,6924.657604427333
2022-06-08,6900.705344424661
2022-06-09,6729.921747296887
2022-06-10,6431.845437333063
2022-06-13,6081.837594154565
2022-06-14,6136.006957476836
2022-06-15,6319.710126368235
2022-06-16,5974.843049643521
2022-06-17,6099.760949859294
2022-06-21,6195.154405078462
2022-06-22,6195.100886144674
2022-06-23,6357.802252714
2022-06-24,6644.611456398836
2022-06-27,6528.4398740363295
2022-06-28,6265.261710403238
2022-06-29,6168.3380195188065
2022-06-30,5979.588200842648
2022-07-01,6089.982767362072
2022-07-05,6387.790392670453
2022-07-06,6326.847136211571
2022-07-07,6615.629424081667
2022-07-08,6610.91777878801
2022-07-11,6339.082592497049
2022-07-12,6345.087542715268
2022-07-13,6265.8211109873355
2022-07-14,6200.967608470255
2022-07-15,6393.4589883577855
2022-07-18,6433.428940203171
2022-07-19,6660.637418742683
2022-07-20,6830.272565687065
2022-07-21,6924.025447601859
2022-07-22,6712.514336406198
2022-07-25,6641.043985926824
2022-07-26,6419.914218224928
2022-07-27,6688.397078766812
2022-07-28,6777.800122437177
2022-07-29,6851.333055518293
2022-08-01,6995.280732415752
2022-08-02,6992.40310441628
2022-08-03,7262.48731398182
2022-08-04,7186.268282829681
2022-08-05,7135.167230833984
2022-08-08,7276.772701300708
2022-08-09,6974.5786696097375
2022-08-10,7325.099320170408
2022-08-11,7354.142257216393
2022-08-12,7530.721036252378
2022-08-15,7471.538542892418
2022-08-16,7545.945021654508
2022-08-17,7314.120713217257
2022-08-18,7313.387434266966
2022-08-19,6929.4512906653235
2022-08-22,6704.695240990154
2022-08-23,6730.231312705598
2022-08-24,6798.211168534683
2022-08-25,6957.803677417786
2022-08-26,6644.390349721521
2022-08-29,6593.094391926427
2022-08-30,6530.509354952953
2022-08-31,6443.3490305800515
2022-09-01,6384.656056056254
2022-09-02,6290.570385026396
2022-09-06,6269.843101073367
2022-09-07,6397.081972863801
2022-09-08,6444.793515179836
2022-09-09,6659.075875865912
2022-09-12,6802.541173355635
2022-09-13,6387.1914770537305
2022-09-14,6434.927069274111
2022-09-15,6367.938698245779
2022-09-16,6147.712244140834
2022-09-19,6221.513269468656
2022-09-20,6008.00762405395
2022-09-21,5981.156127945763
2022-09-22,5765.117195943291
2022-09-23,5663.121868096803
2022-09-26,5572.031324404558
2022-09-27,5652.98456628605
2022-09-28,5827.836753618065
2022-09-29,5617.785615978426
2022-09-30,5494.487591712946
2022-10-03,5679.5159294914865
2022-10-04,5984.545020657054
2022-10-05,5995.380714498685
2022-10-06,5942.606704028401
2022-10-07,5646.183009128343
2022-10-10,5597.327794538381
2022-10-11,5576.081203448748
2022-10-12,5606.321782076239
2022-10-13,5627.929792119605
2022-10-14,5352.598698851207
2022-10-17,5668.935277932946
2022-10-18,5748.076675259776
2022-10-19,5578.714126576248
2022-10-20,5596.429986928602
2022-10-21,5705.95256647475
2022-10-24,5698.93014843959
2022-10-25,5919.306561201597
2022-10-26,5928.601879343838
2022-10-27,5939.796471088871
2022-10-28,6053.072228819081
2022-10-31,6015.407921956208
2022-11-01,6012.250478604311
2022-11-02,5805.29077194754
2022-11-03,5909.566529558302
2022-11-04,5876.0811233131835
2022-11-07,5929.453848780974
2022-11-08,5956.8501701812975
2022-11-09,5738.219397616573
2022-11-10,6484.708812158447
2022-11-11,6740.478069245734
2022-11-14,6714.386019434979
2022-11-15,6875.692420026387
2022-11-16,6582.788438571393
2022-11-17,6434.092638548517
2022-11-18,6410.66390896813
2022-11-21,6365.782105254391
2022-11-22,6450.885892874548
2022-11-23,6528.724757141289
2022-11-25,6506.588313490433
2022-11-28,6376.9693260940785
2022-11-29,6378.0543665419655
2022-11-30,6781.988210054045
2022-12-01,6896.99612090978
2022-12-02,6941.943291851568
2022-12-05,6707.325549223186
2022-12-06,6534.382547074242
2022-12-07,6478.670595475788
2022-12-08,6623.066357286149
2022-12-09,6596.74079445718
2022-12-12,6715.94425987631
2022-12-13,6841.132247619073
2022-12-14,6855.379317450473
2022-12-15,6549.519046249399
2022-12-16,6486.630246548402
2022-12-19,6380.172697277294
2022-12-20,6325.113411184351
2022-12-21,6513.265315053658
2022-12-22,6309.734784048567
2022-12-23,6315.173015042963
2022-12-27,6149.805130225969
2022-12-28,6009.683551713475
2022-12-29,6238.035736213941
2022-12-30,6197.112084937171
2023-01-03,6161.137701061573
2023-01-04,6378.3259600848005
2023-01-05,6328.654270218887
2023-01-06,6529.71336596558
2023-01-09,6653.032299660547
2023-01-10,6776.4363204395395
2023-01-11,6963.164295496189
2023-01-12,7033.807219624533
2023-01-13,7107.5575299297125
2023-01-17,7171.155791965362
2023-01-18,7080.747463608532
2023-01-19,6926.31878626995
2023-01-20,7266.738193496669
2023-01-23,7710.46035919984
2023-01-24,7601.518664766922
2023-01-25,7643.039579751724
2023-01-26,7685.099490771853
2023-01-27,7955.95422916834
2023-01-30,7711.75344767737
2023-01-31,7891.601684513879
2023-02-01,8211.15443215222
2023-02-02,8493.02467302822
2023-02-03,8322.873778215817
2023-02-06,8190.6035712102275
2023-02-07,8229.624577266899
2023-02-08,8121.226139251572
2023-02-09,7922.462292837878
2023-02-10,7699.987495659687
2023-02-13,7877.348543432562
2023-02-14,7926.305331271315
2023-02-15,8075.779623404221
2023-02-16,7746.595343142383
2023-02-17,7697.159144119115
2023-02-21,7438.798445363343
2023-02-22,7473.079944069939
2023-02-23,7416.427712132023
2023-02-24,7309.136724285627
2023-02-27,7345.314794494318
2023-02-28,7407.0039209557135
2023-03-01,7445.822957330725
2023-03-02,7524.492071426189
2023-03-03,7698.536033689764
2023-03-06,7671.198894372975
2023-03-07,7602.482337194041
2023-03-08,7612.344645549075
2023-03-09,7401.350612348474
2023-03-10,7141.9968214024075
2023-03-13,7108.596886359013
2023-03-14,7152.996310125278
2023-03-15,7139.976567826953
2023-03-16,7282.787272996414
2023-03-17,7203.559286691416
2023-03-20,7239.051659818634
2023-03-21,7460.85559243459
2023-03-22,7360.256523882624
2023-03-23,7399.492209550138
2023-03-24,7363.888096220556
2023-03-27,7388.665443682294
2023-03-28,7400.733242615848
2023-03-29,7539.835441425179
2023-03-30,7524.242907603999
2023-03-31,7695.254387392436
2023-04-03,7704.239706241264
2023-04-04,7601.849321298728
2023-04-05,7400.977377137695
2023-04-06,7390.757198306911
2023-04-10,7525.005592116827
2023-04-11,7572.674261165241
2023-04-12,7443.129533836038
2023-04-13,7564.007998489765
2023-04-14,7539.9981364325295
2023-04-17,7544.323992431336
2023-04-18,7560.106145006518
2023-04-19,7568.372987187187
2023-04-20,7540.481378155707
2023-04-21,7575.784781590105
2023-04-24,7553.251414415741
2023-04-25,7326.52685884157
2023-04-26,7293.945152362652
2023-04-27,7426.52102148195
2023-04-28,7567.707518803812
2023-05-01,7499.392657236677
2023-05-02,7345.819094669225
2023-05-03,7292.607304115763
2023-05-04,7286.038604044675
2023-05-05,7474.379561888999
2023-05-08,7559.377766708534
2023-05-09,7456.585268204795
2023-05-10,7539.557507960652
2023-05-11,7547.458573000423
2023-05-12,7483.068304877945
2023-05-15,7675.486645246323
2023-05-16,7543.294806795912
2023-05-17,7702.421654701958
2023-05-18,7844.274060511255
2023-05-19,7666.70816607259
2023-05-22,7688.611091736032
2023-05-23,7638.885348993957
2023-05-24,7574.052744339815
2023-05-25,7727.459482044523
2023-05-26,7893.9001952766075
2023-05-30,7991.936058741533
2023-05-31,7817.8799481734695
2023-06-01,8086.106024154246
2023-06-02,8248.88328624512
2023-06-05,8279.247106567333
2023-06-06,8440.271987411545
2023-06-07,8354.16644052783
2023-06-08,8475.127921650103
2023-06-09,8435.369364248527
2023-06-12,8542.349461064268
2023-06-13,8688.189316516202
2023-06-14,8765.927524994142
2023-06-15,8843.661775769959
2023-06-16,8763.625568931368
2023-06-20,8726.198653579822
2023-06-21,8641.167608837539
2023-06-22,8656.783949848585
2023-06-23,8550.176385452525
2023-06-26,8534.096527360574
2023-06-27,8753.03258137196
2023-06-28,8777.32728473928
2023-06-29,8737.762868579306
2023-06-30,8831.18294000163
2023-07-03,8908.492298309237
2023-07-05,8763.295467638913
2023-07-06,8511.434570201602
2023-07-07,8637.851729002392
2023-07-10,8834.022553546101
2023-07-11,9098.533218120829
2023-07-12,9153.830297852042
2023-07-13,9298.433629829104
2023-07-14,9175.633390056635
2023-07-17,9331.88122710257
2023-07-18,9456.394797098665
2023-07-19,9516.407827013414
2023-07-20,9335.640905175951
2023-07-21,9343.581003513204
2023-07-24,9304.84226174898
2023-07-25,9327.568016706393
2023-07-26,9359.304601696054
2023-07-27,9343.053068478357
2023-07-28,9625.02085301295
2023-07-31,9766.23214798394
2023-08-01,9651.017651946586
2023-08-02,9394.340696225381
2023-08-03,9422.953264403355
2023-08-04,9382.81891878166
2023-08-07,9452.29617362401
2023-08-08,9338.772748950896
2023-08-09,9142.183626794646
2023-08-10,9071.271611065817
2023-08-11,9028.558218328657
2023-08-14,9175.319685751561
2023-08-15,9001.206453834115
2023-08-16,8860.834592482228
2023-08-17,8719.219659037966
2023-08-18,8688.114342842
2023-08-21,8813.258218001652
2023-08-22,8668.3482470418
2023-08-23,8825.43137549163
2023-08-24,8657.785472492302
2023-08-25,8675.600577983434
2023-08-28,8699.08634800341
2023-08-29,8970.250193651416
2023-08-30,9082.440153512413
2023-08-31,9026.195417887237
2023-09-01,9108.980226417878
2023-09-05,9063.136900082513
2023-09-06,8991.935682345491
2023-09-07,8852.015901842324
2023-09-08,8784.34366151943
2023-09-11,8821.906089026947
2023-09-12,8776.049307940206
2023-09-13,8800.93280396395
2023-09-14,8867.67476262489
2023-09-15,8728.999114126154
2023-09-18,8588.038762924267
2023-09-19,8574.649603234497
2023-09-20,8452.528779557908
2023-09-21,8278.03494475569
2023-09-22,8290.11301791241
2023-09-25,8352.079110096975
2023-09-26,8195.50160781234
2023-09-27,8268.853387362615
2023-09-28,8370.065852108708
2023-09-29,8455.452175399605
2023-10-02,8486.05250369798
2023-10-03,8219.370670616281
2023-10-04,8332.36671240065
2023-10-05,8297.241838267262
2023-10-06,8419.829905896313
2023-10-09,8418.774434733423
2023-10-10,8513.04430819375
2023-10-11,8545.401438209978
2023-10-12,8394.681039927367
2023-10-13,8155.934802964033
2023-10-16,8313.17749813157
2023-10-17,8366.012381841356
2023-10-18,8083.070543172014
2023-10-19,7894.2500689951585
2023-10-20,7850.5413717044685
2023-10-23,7825.904234615157
2023-10-24,7927.99334251392
2023-10-25,7678.0453078986975
2023-10-26,7583.474521112495
2023-10-27,7595.498639538136
2023-10-30,7706.623084061248
2023-10-31,7787.151244459996
2023-11-01,7874.569429757473
2023-11-02,8058.242576927284
2023-11-03,8306.622499076579
2023-11-06,8201.261512263136
2023-11-07,8304.275293965673
2023-11-08,8349.663903042852
2023-11-09,8285.975351098303
2023-11-10,8444.206681365064
2023-11-13,8374.583310702814
2023-11-14,8780.21511798615
2023-11-15,8876.274632415563
2023-11-16,8777.224386139851
2023-11-17,8878.571082738881
2023-11-20,9011.56769513427
2023-11-21,8908.166646754516
2023-11-22,8922.772318562264
2023-11-27,8906.64683014719
2023-11-28,8967.577147348433
2023-11-29,8984.568986104257
2023-11-30,8868.201343223282
2023-12-01,9127.732947072454
2023-12-04,9120.188092404867
2023-12-05,9017.941911253662
2023-12-06,8940.635304627831
2023-12-07,9038.776725356596
2023-12-08,9166.638772196866
2023-12-11,9324.910040855711
2023-12-12,9346.88559536585
2023-12-13,9563.379632335798
2023-12-14,9867.081808375975
2023-12-15,9886.988516543328
2023-12-18,9968.919612921683
2023-12-19,10188.664662037849
2023-12-20,9887.687934526773
2023-12-21,10159.531385341794
2023-12-22,10119.107032317874
2023-12-26,10086.232214833082
2023-12-27,10095.019637146606
2023-12-28,10048.47799906771
2023-12-29,9887.839466793666
2024-01-02,9678.200833388493
2024-01-03,9394.475959320562
2024-01-04,9368.876018820847
2024-01-05,9364.9923928885
2024-01-08,9582.84370313007
2024-01-09,9531.74562382109
2024-01-10,9532.877420818593
2024-01-11,9494.792456503279
2024-01-12,9319.274509898083
2024-01-16,9293.113317850752
2024-01-17,9210.578228293876
2024-01-18,9261.412419566597
2024-01-19,9419.067655979276
2024-01-22,9586.104642690818
2024-01-23,9575.107256814612
2024-01-24,9515.078692486872
2024-01-25,9615.720149410965
2024-01-26,9624.011383517201
2024-01-29,9669.053214085972
2024-01-30,9467.220698936377
2024-01-31,9239.298789440749
2024-02-01,9378.654005233708
2024-02-02,9466.782872554568
2024-02-05,9355.063735305417
2024-02-06,9420.771798608246
2024-02-07,9462.635613503733
2024-02-08,9551.603178361102
2024-02-09,9739.156681003145
2024-02-12,9828.693617478373
2024-02-13,9496.278058907053
2024-02-14,9659.721426059497
2024-02-15,9689.395719086235
2024-02-16,9577.772497178195
2024-02-20,9422.668016410253
2024-02-21,9313.510610367966
2024-02-22,9607.78255981619
2024-02-23,9645.683682502344
2024-02-26,9706.63028142337
2024-02-27,9889.843393069896
2024-02-28,9977.7403940847
2024-02-29,10272.389832049274
2024-03-01,10400.544435413845
2024-03-04,10373.39426776869
2024-03-05,10185.742892700795
2024-03-06,10219.776146641361
2024-03-07,10287.414741143246
2024-03-08,10314.101021023647
2024-03-11,10305.462967461248
2024-03-12,10440.729945369816
2024-03-13,10479.389415636031
2024-03-14,10304.63870843643
2024-03-15,10220.970839568958
2024-03-18,10194.22021633305
2024-03-19,10250.38766804209
2024-03-20,10534.606330528684
2024-03-21,10686.856029592996
2024-03-22,10697.118842363776
2024-03-25,10636.44260570749
2024-03-26,10652.565676626831
2024-03-27,10823.752213450582
2024-03-28,10884.151254112036
2024-04-01,10822.090834959015
2024-04-02,10615.620115740787
2024-04-03,10664.415251498764
2024-04-04,10588.939350177377
2024-04-05,10708.679043069209
2024-04-08,10777.959701815587
2024-04-09,10911.369627804055
2024-04-10,10627.655413763507
2024-04-11,10807.449810755423
2024-04-12,10541.525676454283
2024-04-15,10286.417136423355
2024-04-16,10294.388253893112
2024-04-17,10137.454738003575
2024-04-18,10113.296288294601
2024-04-19,9967.751685710877
2024-04-22,10079.329900760333
2024-04-23,10333.940482019278
2024-04-24,10122.359179660452
2024-04-25,10141.763323725858
2024-04-26,10337.65477813968
2024-04-29,10375.404026631348
2024-04-30,10112.06014464724
2024-05-01,9987.779347998923
2024-05-02,10190.096563199131
2024-05-03,10417.404658557689
2024-05-06,10728.824211239496
2024-05-07,10754.0075651415
2024-05-08,10710.781169472895
2024-05-09,10750.853284989023
2024-05-10,10631.907998371578
2024-05-13,10643.991935491596
2024-05-14,10759.04604291702
2024-05-15,10853.14033442994
2024-05-16,10746.001139724443
2024-05-17,10614.250666133337
2024-05-20,10674.570771241833
2024-05-21,10596.97983157217
2024-05-22,10423.324279264327
2024-05-23,10376.460559656078
2024-05-24,10415.743199867731
2024-05-28,10548.560546826327
2024-05-29,10647.388869253873
2024-05-30,10585.636515317341
2024-05-31,10639.88437145386
2024-06-03,10736.51810402842
2024-06-04,10590.695953829825
2024-06-05,10822.09783822863
2024-06-06,10858.841349471013
2024-06-07,10684.415170556267
2024-06-10,10805.97054975892
2024-06-11,10766.770685097132
2024-06-12,10914.442117904437
2024-06-13,10841.595780872378
2024-06-14,10692.607688118851
2024-06-17,10852.779782727352
2024-06-18,10905.263230237628
2024-06-20,10768.450103499803
2024-06-21,10701.98252705514
2024-06-24,10690.726753511175
2024-06-25,10763.397368351028
2024-06-26,10814.815437534846
2024-06-27,10821.171108801977
2024-06-28,10888.370506738782
2024-07-01,10699.703228269072
2024-07-02,10744.874194605993
2024-07-03,10819.003260813768
2024-07-05,10737.505079077446
2024-07-08,10792.842397095888
2024-07-09,10797.622758666417
2024-07-10,10908.878816233902
2024-07-11,11092.47755248553
2024-07-12,11174.419547632177
2024-07-15,11190.405704881308
2024-07-16,11494.215903758364
2024-07-17,11149.308645944002
2024-07-18,10961.242926615085
2024-07-19,10821.990369177507
2024-07-22,10933.820423623169
2024-07-23,10978.552048786669
2024-07-24,10538.017956837917
2024-07-25,10694.756826899646
2024-07-26,11193.767836833998
2024-07-29,11084.060398587042
2024-07-30,10991.812726358
2024-07-31,11272.681540169198
2024-08-01,10742.863983105543
2024-08-02,10378.625644758991
2024-08-05,9968.26738551309
2024-08-06,9959.273869474722
2024-08-07,9994.623794030224
2024-08-08,10313.56065027689
2024-08-09,10311.19999087387
2024-08-12,10229.76870108089
2024-08-13,10599.240903393518
2024-08-14,10589.89050193264
2024-08-15,11087.25574619223
2024-08-16,11142.13174152911
2024-08-19,11275.359445665053
2024-08-20,11107.203394118598
2024-08-21,11224.376391780315
2024-08-22,11020.478797878488
2024-08-23,11332.631304669298
2024-08-26,11182.094597792595
2024-08-27,11102.251461998756
2024-08-28,11055.888327738992
2024-08-29,11018.866300708456
2024-08-30,11117.045988886795
2024-09-03,10680.139748854814
2024-09-04,10682.720438351776
2024-09-05,10628.915753927291
2024-09-06,10386.042580119687
2024-09-09,10548.226080215785
2024-09-10,10661.707029041196
2024-09-11,10967.429386225442
2024-09-12,11075.196310110878
2024-09-13,11382.441281642734
2024-09-16,11304.13300989688
2024-09-17,11435.397508213811
2024-09-18,11423.294654560948
2024-09-19,11795.751775557206
2024-09-20,11618.6151891104
2024-09-23,11658.060804852974
2024-09-24,11786.993897607603
2024-09-25,11764.660941082333
2024-09-26,12014.451021973317
2024-09-27,12077.646989466659
2024-09-30,11988.159175159146
2024-10-01,11651.212900186
2024-10-02,11679.342543836783
2024-10-03,11662.485055459432
2024-10-04,11839.68162208149
2024-10-07,11739.885222386978
2024-10-08,11929.088598606217
2024-10-09,11977.854269231484
2024-10-10,12179.378596001252
2024-10-11,12329.06847376864
2024-10-14,12422.855704474858
2024-10-15,12289.440167061774
2024-10-16,12541.612075133022
2024-10-17,12535.650583531497
2024-10-18,12557.675298159675
2024-10-21,12374.812208069525
2024-10-22,12218.643303234947
2024-10-23,12079.222949677653
2024-10-24,12066.360312435278
2024-10-25,11984.046524795007
2024-10-28,12040.906142102684
2024-10-29,12019.70447244285
2024-10-30,11971.837722780383
2024-10-31,11816.141679813793
2024-11-01,11760.719940795343
2024-11-04,11873.931913431594
2024-11-05,12139.35513474143
2024-11-06,12709.01322676065
2024-11-07,12730.067846690406
2024-11-08,12666.60193344158
2024-11-11,12755.402686220114
2024-11-12,12738.775783544252
2024-11-13,12649.404779918576
2024-11-14,12555.452108614778
2024-11-15,12322.034133181358
2024-11-18,12398.136265932642
2024-11-19,12533.239446060588
2024-11-20,12662.339570375281
2024-11-21,12926.720760438897
2024-11-22,13003.45660878341
2024-11-25,13363.081495628994
2024-11-26,13229.692633887267
2024-11-27,13101.925518310347
2024-11-29,13148.811666941356
2024-12-02,13247.049237607833
2024-12-03,13269.693421961434
2024-12-04,13234.412649971286
2024-12-05,13076.791299543356
2024-12-06,13234.56285997956
2024-12-09,13231.182296615478
2024-12-10,13100.467960407192
2024-12-11,13283.907734658602
2024-12-12,13104.51150845328
2024-12-13,13231.002665718872
2024-12-16,13455.088259698628
2024-12-17,13352.636938125679
2024-12-18,12683.145980685422
2024-12-19,12432.790174818938
2024-12-20,12631.090653491185
2024-12-23,12680.035315418974
2024-12-24,12741.189767641392
2024-12-26,12738.855787238697
2024-12-27,12606.920194548
2024-12-30,12601.557651457073
2024-12-31,12516.522088741765
2025-01-02,12612.800558499848
2025-01-03,12843.554497291227
2025-01-06,13138.749848196147
2025-01-07,12869.417629806434
2025-01-08,12811.371105202885
2025-01-13,12777.452349116013
2025-01-14,12790.815191086547
2025-01-15,13120.289181352622
2025-01-16,13161.658971156392
2025-01-17,13341.595785860527
2025-01-21,13570.710762693168
2025-01-22,13569.311969009568
2025-01-23,13649.250639558919
2025-01-24,13633.199188070701
2025-01-27,13305.645815697562
2025-01-28,13520.323569254459
2025-01-29,13448.609896177635
2025-01-30,13585.779466960717
2025-01-31,13351.8291481088
2025-02-03,13091.013129760573
2025-02-04,13296.17036309596
2025-02-05,13405.112665343668
2025-02-06,13449.729546813822
2025-02-07,13202.963201755185
2025-02-10,13360.350973093951
2025-02-11,13297.071047400868
2025-02-12,13339.53694346778
2025-02-13,13412.755063825434
2025-02-14,13795.878351466607
2025-02-18,13965.97365520324
2025-02-19,13661.271592529183
2025-02-20,13487.358528767298
2025-02-21,12956.730456113528
2025-02-24,12864.366979987544
2025-02-25,12872.86967133199
2025-02-26,12938.105428747891
2025-02-27,12525.542811544545
2025-02-28,12537.574004561146
2025-03-03,11955.902552944595
2025-03-04,11710.261866455703
2025-03-05,11931.18631494151
2025-03-06,11498.928294579897
2025-03-07,11722.475319403537
2025-03-10,11373.351112960208
2025-03-11,11398.524096770383
2025-03-12,11569.78744281893
2025-03-13,11245.588642908599
2025-03-14,11609.79641984281
2025-03-17,11734.749254178532
2025-03-18,11493.782318020667
2025-03-19,11698.006656966318
2025-03-20,11688.01975324874
2025-03-21,11702.47000968331
2025-03-24,12151.902196706375
2025-03-25,12161.633268789146
2025-03-26,11892.332267885095
2025-03-27,11739.582749352365
2025-03-28,11424.459347114327
2025-03-31,11304.267883505157
2025-04-01,11475.322996677645
2025-04-02,11691.666768160887
2025-04-03,10460.338675379451
2025-04-04,9927.564024966661
2025-04-07,10084.093490452182
2025-04-08,9714.823044872875
2025-04-09,11091.71236676473
2025-04-10,10441.033088490261
2025-04-11,10652.557263155504
2025-04-14,10740.60363359212
2025-04-15,10696.763519260789
2025-04-16,10417.257282843797
2025-04-17,10549.937362759603
2025-04-21,10274.124469075194
2025-04-22,10671.816835486168
2025-04-23,10966.013194315805
2025-04-24,11315.94091396612
2025-04-25,11466.894172195674
2025-04-28,11496.3747981449
2025-04-29,11498.311883164311
2025-04-30,11423.32981414526
2025-05-01,11499.580169525461
2025-05-02,11987.881555877497
2025-05-05,11875.935445901881
2025-05-06,11836.255701146893
2025-05-07,11883.817778281904
2025-05-08,12244.007901238858
2025-05-09,12255.356884719682
2025-05-12,12987.49406145072
2025-05-13,13190.738887241423
2025-05-14,13258.326289972667
2025-05-15,13350.206345639577
2025-05-16,13478.748118132833
2025-05-19,13412.763435271952
2025-05-20,13344.99156999134
2025-05-21,13015.547527890536
2025-05-22,13050.096044500031
2025-05-23,12940.031127291793
2025-05-27,13457.941055810803
2025-05-28,13484.961611227804
2025-05-29,13627.187819493618
2025-05-30,13575.157026254143
2025-06-02,13765.530826122991
2025-06-03,14032.159898738457
2025-06-04,14179.805454199375
2025-06-05,14252.5213112123
2025-06-06,14329.770360429075
2025-06-09,14389.564206860452
2025-06-10,14382.698796447983
2025-06-11,14196.295341837616
2025-06-12,14185.97176638859
2025-06-13,13932.16527154558
2025-06-16,14105.265458364145
2025-06-17,14056.273893004456
2025-06-18,14160.854201683022
2025-06-20,14345.422435592804
2025-06-23,14384.043497174522
2025-06-24,14496.22679360588
2025-06-25,14423.715391812117
2025-06-26,14477.923656617622
2025-06-27,14642.3638105899
2025-06-30,14578.087873089144
2025-07-01,14609.792198606492
2025-07-02,14847.997970864284
2025-07-03,14947.692178724463
2025-07-08,14991.100738881136
2025-07-09,15081.797674597794
2025-07-10,15281.668821139328
2025-07-11,15154.690335157877
2025-07-14,15116.580975157336
2025-07-15,15038.318864867411
2025-07-16,15041.540587071036
2025-07-17,15095.61102119473
2025-07-18,15145.850171797143
2025-07-21,15087.025230702237
2025-07-22,15254.196977921065
2025-07-23,15412.30632016362
2025-07-24,15479.98519411817
2025-07-25,15917.331560711917
2025-07-28,15926.125936584998
2025-07-29,15724.631626662649
2025-07-30,15729.949390250551
2025-07-31,15650.842253185048
2025-08-01,15288.8149975056
2025-08-04,15710.375068565563
2025-08-05,15628.761285580546
2025-08-06,15826.542100723998
2025-08-07,16007.616711583922
2025-08-08,16073.496200852444
2025-08-11,15938.15075067
2025-08-12,16334.04409093892
2025-08-13,16703.040185669695
2025-08-14,16636.804439566295
2025-08-15,16455.180433139667
2025-08-18,16666.012095476897
2025-08-19,16439.866891390648
2025-08-20,16317.109707353216
2025-08-21,16168.715429613627
2025-08-22,16464.634607014155
2025-08-25,16132.978767736335
2025-08-26,16164.9489401252
2025-08-27,16266.068391223042
2025-08-28,16381.123653072636
2025-08-29,16095.166450725757
2025-09-02,15865.969933326856
2025-09-03,16012.436918836887
2025-09-04,16202.311038380978
2025-09-05,16586.96369893508
2025-09-08,16625.121633995026
2025-09-09,16636.55934382197
2025-09-10,16621.44235101787
2025-09-11,17052.3697665573
2025-09-12,16902.527884803523
2025-09-15,16966.432879435906
2025-09-16,17014.36727803719
2025-09-17,16953.468500189538
2025-09-18,17338.73964975926
2025-09-19,17270.194897866328
2025-09-22,17249.09667737605
2025-09-23,17197.443730278694
2025-09-24,17121.224666348757
2025-09-25,17195.925655210973
2025-09-26,17387.102119806677
2025-09-29,17704.295512189656
2025-09-30,17568.36005794025
2025-10-01,17548.62476084154
2025-10-02,17706.015860385196
2025-10-03,17753.49404680772
2025-10-06,17703.238363656415
2025-10-07,17473.607888995943
2025-10-08,17771.525886070955
2025-10-09,17639.00493173311
2025-10-10,16897.314171148613
2025-10-13,17349.863631559532
2025-10-14,17455.813561576262
2025-10-15,17596.61571244334
2025-10-16,17801.038797616926
2025-10-17,17724.207970324722
2025-10-20,17919.576888659285
2025-10-21,17884.566091854496
2025-10-22,17697.35453363538
2025-10-23,17904.643686847605
2025-10-24,17967.8975519365
2025-10-27,18244.523131115602
2025-10-28,18666.899246497036
2025-10-29,18398.773479634357
2025-10-30,18171.516210402733
2025-10-31,18252.61069595492
2025-11-03,18177.239941027052
2025-11-04,17772.084511349458
2025-11-05,17995.302702462443
2025-11-06,17363.25950354387
2025-11-07,17660.213181001123
2025-11-10,18024.51701543499
2025-11-11,18020.075824405325
2025-11-12,18029.91586608534
2025-11-13,17524.987482337343
2025-11-14,17449.262007868765
2025-11-17,17114.74658409657
2025-11-18,16928.03509732169
2025-11-19,17006.421336332052
2025-11-20,16577.740103018856
2025-11-21,16995.270603983336
2025-11-24,17197.44222821019
2025-11-25,17568.517328917304
2025-11-26,17864.076593274534
2025-11-28,17905.03603935535
2025-12-01,17917.17255007927
2025-12-02,17814.16449642454
2025-12-03,17829.946070467104
2025-12-04,17748.904501968176
2025-12-05,17953.826579778968
2025-12-08,18159.193837475195
2025-12-09,18335.357953128394
2025-12-10,18445.41944260794
2025-12-11,18502.241519989555
2025-12-12,18111.019108944565
2025-12-15,17902.65630727044
2025-12-16,17966.101682678684
2025-12-17,17717.96353289276
2025-12-18,17951.799116230563
2025-12-19,18253.556614324963
2025-12-22,18504.048364017897
2025-12-23,18454.719026900548
2025-12-24,18574.882751580473
2025-12-26,18639.32499415714
2025-12-29,18693.2432843074
2025-12-30,18532.185378802154
2025-12-31,18388.60607096287
2026-01-02,18814.752305464222
2026-01-05,18924.1747234611
2026-01-06,19366.577920438507
2026-01-07,19263.554132176305
2026-01-08,19197.826679783728
2026-01-09,19442.178471926567
2026-01-12,19420.65453244045
2026-01-13,19389.70928665093
2026-01-14,19028.183868271597
2026-01-15,19299.356002760436
2026-01-16,19242.574751758173
2026-01-20,18638.163353944838
2026-01-21,19024.662207350902
2026-01-22,19143.65091534069
2026-01-23,18977.01927564501
2026-01-26,18939.856293685898
2026-01-27,19003.325610150616
2026-01-28,18959.555818592486
2026-01-29,18861.920206428116
2026-01-30,18520.066775928422
2026-02-02,18694.37664815432
2026-02-03,18341.666879689386
2026-02-04,17930.408059763413
2026-02-05,17708.292899340384
2026-02-06,18411.702550753693
2026-02-09,18353.9642473532
2026-02-10,18142.054150092426
2026-02-11,18064.771359549253
2026-02-12,17702.71391620208
2026-02-13,17747.42782400385
2026-02-17,17791.802365711563
2026-02-18,18073.646439949243
2026-02-19,18032.485099075293
2026-02-20,18355.952576084364
2026-02-23,17764.665324652167
2026-02-24,18057.293288408466
2026-02-25,18216.840050636067
2026-02-26,18420.40479115024
2026-02-27,17906.021625703244
2026-03-02,17830.00054255443
2026-03-03,17582.04873794294
2026-03-04,17760.95611819942
2026-03-05,17733.868220446293
2026-03-06,17300.691041043432
2026-03-09,17392.8197632212
2026-03-10,17279.114023162347
2026-03-11,17399.98405996213
2026-03-12,16842.75197161576
2026-03-13,16967.283269012027
2026-03-16,17213.237930115167
2026-03-17,17411.818825447033
2026-03-18,17120.641003569748
2026-03-19,17010.887459629343
2026-03-20,16565.063011279522
2026-03-23,16812.458840823627
2026-03-24,16634.29506937551
2026-03-25,16948.80723837383
2026-03-26,16531.71350607528
2026-03-27,16124.033973672964
2026-03-30,15865.992795574353
2026-03-31,16624.145654109147
2026-04-01,16820.029498471617
2026-04-02,16791.093649717714
2026-04-06,17005.205232739947
2026-04-07,16950.50746557746
2026-04-08,17520.432734862487
2026-04-09,17605.490852048806
2026-04-10,17470.996425048357
2026-04-13,17798.599054960585
2026-04-14,18137.497278991785
2026-04-15,18426.139930258905
2026-04-16,18685.52461979532
2026-04-17,19021.715962216487
2026-04-20,19195.504662052066
2026-04-21,18987.693493890212
2026-04-22,19138.403515068072
2026-04-23,18755.093465151713
2026-04-24,18804.582805291655
2026-04-27,19003.639235745904
2026-04-28,18980.759464119445
2026-04-29,18929.0244271343
2026-04-30,18715.0328630835
2026-05-01,18773.86939366674
2026-05-04,18184.460798416825
2026-05-05,18449.43862386179
2026-05-06,18704.00562231909
2026-05-07,18796.78600603052
2026-05-08,18967.56814669963
2026-05-11,18623.818939356326
2026-05-12,18499.81048300328
2026-05-13,18314.86968355838
2026-05-14,18577.113516297497
2026-05-15,18195.944533111433
2026-05-18,18183.948865044087
2026-05-19,17854.936827703023
2026-05-20,18427.770393492978
2026-05-21,18455.34696606806
2026-05-22,18587.805821549
2026-05-26,19199.48715292073
2026-05-27,19479.140852847133
2026-05-28,19633.456365432045
2026-05-29,19802.01934394455
